{"train Reward per step": 2.6832809448242188, "train Accumulated reward": 2.6832809448242188, "Episode": 0, "Train steps": 1, "train X coordinate": 38, "_timestamp": 1669652728.0500941, "_runtime": 3.303335189819336, "_step": 0, "_wandb": {"runtime": 2}}